auction_house,artist_name,hi_est,lo_est,currency,sale_price,quarter,time
Phillips,Andy Warhol,150000,100000,USD,137000,Q4,EVE
Phillips,Andy Warhol,150000,100000,USD,125000,Q4,EVE
Phillips,Andy Warhol,80000,60000,USD,56250,Q4,EVE
Phillips,Andy Warhol,350000,250000,USD,293000,Q4,EVE
Phillips,Andy Warhol,60000,40000,USD,37500,Q4,EVE
Phillips,Tom Wesselmann,150000,100000,USD,161000,Q4,EVE
Phillips,George Condo,450000,350000,USD,413000,Q4,EVE
Phillips,George Condo,35000,25000,USD,81250,Q4,EVE
Phillips,Robert Rauschenberg,35000,25000,USD,30000,Q4,EVE
Phillips,Andy Warhol,12000000,8000000,USD,9125000,Q4,EVE
Phillips,Ed Ruscha,2500000,1500000,USD,2405000,Q4,EVE
Phillips,Andy Warhol,2500000,1500000,USD,1685000,Q4,EVE
Phillips,Jean-Michel Basquiat,5000000,3000000,USD,3301000,Q4,EVE
Phillips,Roy Lichtenstein,15000000,10000000,USD,10805000,Q4,EVE
Phillips,Andy Warhol,1800000,1200000,USD,1445000,Q4,EVE
Phillips,Andy Warhol,350000,250000,USD,365000,Q4,EVE
Phillips,Ed Ruscha,800000,600000,USD,845000,Q4,EVE
Phillips,Frank Stella,35000,25000,USD,27500,Q4,EVE
Phillips,Frank Stella,18000,12000,USD,17500,Q4,EVE
Phillips,Frank Stella,30000,20000,USD,43750,Q4,EVE
Phillips,Tom Wesselmann,15000,10000,USD,26250,Q4,EVE
Phillips,Tom Wesselmann,25000,18000,USD,22500,Q4,EVE
Phillips,Andy Warhol,50000,30000,USD,62500,Q4,EVE
Phillips,Andy Warhol,150000,100000,USD,137000,Q4,EVE
Phillips,Andy Warhol,70000,50000,USD,62500,Q4,EVE
Phillips,Andy Warhol,35000,25000,USD,47500,Q4,EVE
Phillips,Andy Warhol,150000,100000,USD,245000,Q4,EVE
Phillips,Andy Warhol,30000,20000,USD,43750,Q4,EVE
Phillips,Andy Warhol,15000,10000,USD,20000,Q4,EVE
Phillips,Roy Lichtenstein,30000,20000,USD,42500,Q4,EVE
Phillips,Roy Lichtenstein,120000,90000,USD,106250,Q4,EVE
Phillips,Roy Lichtenstein,50000,30000,USD,50000,Q4,EVE
Phillips,Roy Lichtenstein,20000,15000,USD,17500,Q4,EVE
Phillips,Roy Lichtenstein,18000,12000,USD,27500,Q4,EVE
Phillips,Roy Lichtenstein,18000,12000,USD,27500,Q4,EVE
Phillips,Andy Warhol,30000,20000,USD,40000,Q4,EVE
Phillips,Andy Warhol,18000,12000,USD,27500,Q4,EVE
Phillips,Andy Warhol,15000,10000,USD,20000,Q4,EVE
Phillips,Andy Warhol,25000,18000,USD,25000,Q4,EVE
Phillips,Andy Warhol,30000,20000,USD,27500,Q4,EVE
Phillips,Robert Rauschenberg,25000,18000,USD,20000,Q4,EVE
Phillips,Robert Rauschenberg,25000,18000,USD,27500,Q4,EVE
Phillips,Ed Ruscha,15000,10000,USD,16250,Q4,EVE
Phillips,Ed Ruscha,15000,10000,USD,20000,Q4,EVE
Phillips,Ed Ruscha,10000,8000,USD,20000,Q4,EVE
Phillips,Ed Ruscha,70000,50000,USD,75000,Q4,EVE
Phillips,Frank Stella,5000,3000,USD,4375,Q4,EVE
Phillips,Frank Stella,3000,2000,USD,3750,Q4,EVE
Phillips,Frank Stella,8000,6000,USD,8125,Q4,EVE
Phillips,Frank Stella,9000,6000,USD,11250,Q4,EVE
Phillips,Frank Stella,6000,4000,USD,6000,Q4,EVE
Phillips,Frank Stella,6000,4000,USD,6250,Q4,EVE
Phillips,Tom Wesselmann,9000,6000,USD,10000,Q4,EVE
Phillips,Tom Wesselmann,7000,5000,USD,6000,Q4,EVE
Phillips,Tom Wesselmann,8000,6000,USD,7500,Q4,EVE
Phillips,Tom Wesselmann,6000,4000,USD,6250,Q4,EVE
Phillips,Tom Wesselmann,6000,4000,USD,10625,Q4,EVE
Phillips,Tom Wesselmann,10000,7000,USD,9375,Q4,EVE
Phillips,Tom Wesselmann,6000,4000,USD,7500,Q4,EVE
Phillips,Tom Wesselmann,5000,3000,USD,6000,Q4,EVE
Phillips,Andy Warhol,12000,8000,USD,17500,Q4,EVE
Phillips,Andy Warhol,10000,7000,USD,15000,Q4,EVE
Phillips,Andy Warhol,15000,10000,USD,17500,Q4,EVE
Phillips,Andy Warhol,7000,5000,USD,6250,Q4,EVE
Phillips,Andy Warhol,8000,6000,USD,10625,Q4,EVE
Phillips,Andy Warhol,7000,5000,USD,11250,Q4,EVE
Phillips,Andy Warhol,7000,5000,USD,9375,Q4,EVE
Phillips,Andy Warhol,5000,3000,USD,5625,Q4,EVE
Phillips,Roy Lichtenstein,9000,6000,USD,23750,Q4,EVE
Phillips,Roy Lichtenstein,5000,3000,USD,10625,Q4,EVE
Phillips,Roy Lichtenstein,4000,3000,USD,3750,Q4,EVE
Phillips,Ed Ruscha,8000,6000,USD,6250,Q4,EVE
Phillips,Ed Ruscha,6000,4000,USD,11875,Q4,EVE
Phillips,Ed Ruscha,4000,3000,USD,5250,Q4,EVE
Phillips,Robert Rauschenberg,7000,5000,USD,5625,Q4,EVE
Phillips,Robert Rauschenberg,5000,3000,USD,2750,Q4,EVE
Phillips,Robert Rauschenberg,2500,1500,USD,4375,Q4,EVE
Phillips,Robert Rauschenberg,5000,3000,USD,5000,Q4,EVE
Phillips,Robert Rauschenberg,5000,3000,USD,4375,Q4,EVE
Phillips,Robert Rauschenberg,3000,2000,USD,1750,Q4,EVE
Phillips,Ellsworth Kelly,5000,3000,USD,6250,Q4,EVE
Phillips,Ellsworth Kelly,3000,2000,USD,2750,Q4,EVE
Phillips,Ellsworth Kelly,3000,2000,USD,3750,Q4,EVE
Phillips,Ellsworth Kelly,3500,2500,USD,3750,Q4,EVE
Phillips,Ellsworth Kelly,3500,2500,USD,3250,Q4,EVE
Phillips,Ellsworth Kelly,4000,3000,USD,2750,Q4,EVE
Phillips,Ed Ruscha,12000,8000,USD,10000,Q4,EVE
Phillips,Jean-Michel Basquiat,120000,90000,USD,100000,Q3,EVE
Phillips,Jean-Michel Basquiat,20000,15000,USD,16250,Q3,EVE
Phillips,Andy Warhol,120000,80000,USD,100000,Q3,EVE
Phillips,Andy Warhol,40000,30000,USD,37500,Q3,EVE
Phillips,George Condo,35000,25000,USD,35000,Q3,EVE
Phillips,Andy Warhol,7000,5000,USD,8750,Q3,EVE
Phillips,George Condo,35000,25000,USD,56250,Q3,EVE
Phillips,Andy Warhol,90000,70000,USD,93750,Q2,EVE
Phillips,Andy Warhol,150000,100000,USD,179000,Q2,EVE
Phillips,Andy Warhol,200000,150000,USD,167000,Q2,EVE
Phillips,Andy Warhol,500000,300000,USD,989000,Q2,EVE
Phillips,Jean-Michel Basquiat,70000,50000,USD,37500,Q2,EVE
Phillips,Jean-Michel Basquiat,70000,50000,USD,50000,Q2,EVE
Phillips,Jean-Michel Basquiat,40000,30000,USD,68750,Q2,EVE
Phillips,Jean-Michel Basquiat,180000,120000,USD,125000,Q2,EVE
Phillips,Jean-Michel Basquiat,30000,20000,USD,25000,Q2,EVE
Phillips,Jean-Michel Basquiat,60000,40000,USD,50000,Q2,EVE
Phillips,Tom Wesselmann,60000,40000,USD,37500,Q2,EVE
Phillips,Andy Warhol,250000,150000,USD,173000,Q2,EVE
Phillips,Roy Lichtenstein,80000,60000,USD,112500,Q2,EVE
Phillips,Ed Ruscha,250000,180000,USD,185000,Q2,EVE
Phillips,George Condo,80000,60000,USD,97500,Q2,EVE
Phillips,Andy Warhol,800000,600000,USD,725000,Q2,EVE
Phillips,Andy Warhol,1500000,1000000,USD,1325000,Q2,EVE
Phillips,Andy Warhol,3000000,2000000,USD,2461000,Q2,EVE
Phillips,Roy Lichtenstein,6000000,4000000,USD,4085000,Q2,EVE
Phillips,Ellsworth Kelly,3500000,2500000,USD,2965000,Q2,EVE
Phillips,Jean-Michel Basquiat,4500000,3500000,USD,4085000,Q2,EVE
Phillips,Andy Warhol,1800000,1400000,USD,2045000,Q2,EVE
Phillips,Andy Warhol,12000,8000,USD,12500,Q2,EVE
Phillips,Andy Warhol,8000,6000,USD,10625,Q2,EVE
Phillips,Andy Warhol,40000,30000,USD,25000,Q2,EVE
Phillips,Andy Warhol,35000,25000,USD,43750,Q2,EVE
Phillips,Andy Warhol,35000,25000,USD,56250,Q2,EVE
Phillips,Andy Warhol,30000,20000,USD,37500,Q2,EVE
Phillips,Andy Warhol,30000,20000,USD,45000,Q2,EVE
Phillips,Andy Warhol,60000,40000,USD,60000,Q2,EVE
Phillips,Andy Warhol,35000,25000,USD,40000,Q2,EVE
Phillips,Andy Warhol,30000,20000,USD,27500,Q2,EVE
Phillips,Roy Lichtenstein,18000,12000,USD,32500,Q2,EVE
Phillips,Roy Lichtenstein,15000,10000,USD,23750,Q2,EVE
Phillips,Roy Lichtenstein,30000,20000,USD,47500,Q2,EVE
Phillips,Roy Lichtenstein,70000,50000,USD,75000,Q2,EVE
Phillips,Roy Lichtenstein,60000,40000,USD,60000,Q2,EVE
Phillips,Roy Lichtenstein,25000,15000,USD,20000,Q2,EVE
Phillips,Roy Lichtenstein,12000,8000,USD,11875,Q2,EVE
Phillips,Roy Lichtenstein,15000,10000,USD,30000,Q2,EVE
Phillips,Robert Rauschenberg,25000,15000,USD,30000,Q2,EVE
Phillips,Ed Ruscha,12000,8000,USD,20000,Q2,EVE
Phillips,Ed Ruscha,35000,25000,USD,47500,Q2,EVE
Phillips,Frank Stella,6000,4000,USD,4750,Q2,EVE
Phillips,Ed Ruscha,6000,4000,USD,5000,Q2,EVE
Phillips,Ed Ruscha,6000,4000,USD,4375,Q2,EVE
Phillips,Ed Ruscha,3000,2000,USD,2000,Q2,EVE
Phillips,Ed Ruscha,6000,4000,USD,5250,Q2,EVE
Phillips,Ed Ruscha,3500,2500,USD,5000,Q2,EVE
Phillips,Ellsworth Kelly,10000,7000,USD,6250,Q2,EVE
Phillips,Ellsworth Kelly,7000,5000,USD,9375,Q2,EVE
Phillips,Ellsworth Kelly,6000,4000,USD,8750,Q2,EVE
Phillips,Ellsworth Kelly,3500,2500,USD,7500,Q2,EVE
Phillips,Ellsworth Kelly,5000,3000,USD,6875,Q2,EVE
Phillips,Ellsworth Kelly,3000,2000,USD,3250,Q2,EVE
Phillips,Robert Rauschenberg,5000,3000,USD,6875,Q2,EVE
Phillips,Robert Rauschenberg,5000,3000,USD,3750,Q2,EVE
Phillips,Andy Warhol,7000,5000,USD,11875,Q2,EVE
Phillips,Andy Warhol,7000,5000,USD,6250,Q2,EVE
Phillips,Roy Lichtenstein,9000,6000,USD,8125,Q2,EVE
Phillips,Roy Lichtenstein,6000,4000,USD,7500,Q2,EVE
Phillips,Tom Wesselmann,7000,5000,USD,6875,Q2,EVE
Phillips,Tom Wesselmann,10000,7000,USD,16250,Q2,EVE
Phillips,Andy Warhol,15000,10000,USD,10625,Q2,EVE
Phillips,Andy Warhol,15000,10000,USD,11875,Q2,EVE
Phillips,George Condo,8000,6000,USD,13750,Q1,EVE
Phillips,Andy Warhol,15000,10000,USD,18750,Q1,EVE
Phillips,Andy Warhol,15000,10000,USD,18750,Q1,EVE
Phillips,Andy Warhol,15000,10000,USD,23750,Q1,EVE
Phillips,Andy Warhol,30000,20000,USD,22500,Q1,EVE
Phillips,Andy Warhol,3000000,2000000,USD,2008900,Q1,EVE
Phillips,Ed Ruscha,800000,600000,USD,550000,Q1,EVE
Phillips,George Condo,300000,200000,USD,266500,Q1,EVE
Phillips,George Condo,50000,30000,USD,80500,Q4,EVE
Phillips,Jean-Michel Basquiat,300000,200000,USD,218500,Q4,EVE
Phillips,Andy Warhol,25000,18000,USD,32500,Q4,EVE
Phillips,Andy Warhol,60000,40000,USD,52500,Q4,EVE
Phillips,Jean-Michel Basquiat,30000,20000,USD,62500,Q4,EVE
Phillips,Andy Warhol,300000,200000,USD,194500,Q4,EVE
Phillips,Andy Warhol,120000,80000,USD,218500,Q4,EVE
Phillips,Andy Warhol,120000,80000,USD,254500,Q4,EVE
Phillips,Tom Wesselmann,120000,80000,USD,98500,Q4,EVE
Phillips,Tom Wesselmann,200000,150000,USD,182500,Q4,EVE
Phillips,Tom Wesselmann,18000,12000,USD,23750,Q4,EVE
Phillips,Tom Wesselmann,35000,25000,USD,79300,Q4,EVE
Phillips,Ellsworth Kelly,100000,70000,USD,110500,Q4,EVE
Phillips,Frank Stella,60000,40000,USD,50000,Q4,EVE
Phillips,Andy Warhol,70000,50000,USD,152500,Q4,EVE
Phillips,Andy Warhol,650000,450000,USD,482500,Q4,EVE
Phillips,Jean-Michel Basquiat,3500000,2500000,USD,4058500,Q4,EVE
Phillips,Jean-Michel Basquiat,18000000,12000000,USD,10162500,Q4,EVE
Phillips,Ed Ruscha,1500000,1000000,USD,1022500,Q4,EVE
Phillips,Andy Warhol,18000000,12000000,USD,13522500,Q4,EVE
Phillips,Andy Warhol,15000000,10000000,USD,12402500,Q4,EVE
Phillips,Jean-Michel Basquiat,5000000,3000000,USD,3666500,Q4,EVE
Phillips,Frank Stella,400000,300000,USD,338500,Q4,EVE
Phillips,George Condo,300000,200000,USD,314500,Q4,EVE
Phillips,Jean-Michel Basquiat,80000,60000,USD,68500,Q3,EVE
Phillips,Robert Rauschenberg,60000,40000,USD,50000,Q3,EVE
Phillips,Ed Ruscha,30000,20000,USD,60000,Q3,EVE
Phillips,George Condo,6000,4000,USD,3750,Q3,EVE
Phillips,Andy Warhol,7000000,5000000,USD,7026500,Q2,EVE
Phillips,Jean-Michel Basquiat,12000000,8000000,USD,16322500,Q2,EVE
Phillips,Andy Warhol,12000000,9000000,USD,10386500,Q2,EVE
Phillips,Roy Lichtenstein,5000000,3000000,USD,3442500,Q2,EVE
Phillips,Andy Warhol,3000000,2000000,USD,2434500,Q2,EVE
Phillips,Roy Lichtenstein,7000000,5000000,USD,5458500,Q2,EVE
Phillips,Tom Wesselmann,700000,500000,USD,662500,Q2,EVE
Phillips,George Condo,450000,350000,USD,458500,Q2,EVE
Phillips,Frank Stella,35000,25000,USD,47500,Q2,EVE
Phillips,Frank Stella,60000,40000,USD,68500,Q2,EVE
Phillips,Frank Stella,60000,40000,USD,50000,Q2,EVE
Phillips,Frank Stella,60000,40000,USD,69700,Q2,EVE
Phillips,Andy Warhol,250000,150000,USD,236500,Q2,EVE
Phillips,Andy Warhol,120000,80000,USD,94900,Q2,EVE
Phillips,Roy Lichtenstein,120000,80000,USD,110500,Q2,EVE
Phillips,Roy Lichtenstein,80000,40000,USD,74500,Q2,EVE
Phillips,Roy Lichtenstein,20000,15000,USD,23125,Q2,EVE
Phillips,Roy Lichtenstein,10000,7000,USD,9375,Q2,EVE
Phillips,Tom Wesselmann,25000,15000,USD,18750,Q2,EVE
Phillips,Andy Warhol,18000,12000,USD,13750,Q2,EVE
Phillips,Andy Warhol,15000,10000,USD,13750,Q2,EVE
Phillips,Andy Warhol,25000,15000,USD,23750,Q2,EVE
Phillips,Robert Rauschenberg,8000,6000,USD,16250,Q2,EVE
Phillips,Robert Rauschenberg,8000,6000,USD,10000,Q2,EVE
Phillips,Andy Warhol,70000,50000,USD,74500,Q2,EVE
Phillips,Ed Ruscha,120000,80000,USD,98500,Q1,EVE
Phillips,Roy Lichtenstein,450000,350000,USD,302500,Q1,EVE
Phillips,Andy Warhol,350000,250000,USD,242500,Q1,EVE
Phillips,Jean-Michel Basquiat,180000,120000,USD,218500,Q1,EVE
Phillips,Andy Warhol,15000,10000,USD,12500,Q1,EVE
Phillips,George Condo,7000,5000,USD,13750,Q1,EVE
Phillips,George Condo,7000,5000,USD,11875,Q1,EVE
Phillips,George Condo,25000,18000,USD,30000,Q1,EVE
Phillips,Ellsworth Kelly,7000,5000,USD,5625,Q1,EVE
Phillips,Ellsworth Kelly,3500,2500,USD,4375,Q1,EVE
Phillips,Ellsworth Kelly,7000,5000,USD,5625,Q1,EVE
Phillips,Ellsworth Kelly,7000,5000,USD,7500,Q1,EVE
Phillips,Ellsworth Kelly,7000,5000,USD,8125,Q1,EVE
Phillips,Ellsworth Kelly,5000,3000,USD,5000,Q1,EVE
Phillips,Ellsworth Kelly,3500,2500,USD,4375,Q1,EVE
Phillips,Ellsworth Kelly,3500,2500,USD,2750,Q1,EVE
Phillips,Ellsworth Kelly,3500,2500,USD,3250,Q1,EVE
Phillips,Robert Rauschenberg,18000,12000,USD,18750,Q1,EVE
Phillips,Robert Rauschenberg,5000,3000,USD,5625,Q1,EVE
Phillips,Robert Rauschenberg,5000,3000,USD,4375,Q1,EVE
Phillips,Robert Rauschenberg,3500,2500,USD,1875,Q1,EVE
Phillips,Robert Rauschenberg,2500,1500,USD,2000,Q1,EVE
Phillips,Tom Wesselmann,15000,10000,USD,20000,Q1,EVE
Phillips,Tom Wesselmann,12000,8000,USD,6250,Q1,EVE
Phillips,Tom Wesselmann,9000,6000,USD,8125,Q1,EVE
Phillips,Tom Wesselmann,6000,4000,USD,6000,Q1,EVE
Phillips,Andy Warhol,60000,40000,USD,52500,Q1,EVE
Phillips,Andy Warhol,9000,6000,USD,22500,Q1,EVE
Phillips,Andy Warhol,6000,4000,USD,6875,Q1,EVE
Phillips,Andy Warhol,12000,8000,USD,15000,Q1,EVE
Phillips,Andy Warhol,12000,8000,USD,11250,Q1,EVE
Phillips,Andy Warhol,8000,6000,USD,8125,Q1,EVE
Phillips,Andy Warhol,3000,2000,USD,5625,Q1,EVE
Phillips,Andy Warhol,6000,4000,USD,6250,Q1,EVE
Phillips,Roy Lichtenstein,8000,6000,USD,10625,Q1,EVE
Phillips,Roy Lichtenstein,7000,5000,USD,10625,Q1,EVE
Phillips,Roy Lichtenstein,6000,4000,USD,11250,Q1,EVE
Phillips,Roy Lichtenstein,8000,6000,USD,8750,Q1,EVE
Phillips,Roy Lichtenstein,6000,4000,USD,5250,Q1,EVE
Phillips,Roy Lichtenstein,6000,4000,USD,13750,Q1,EVE
Phillips,Roy Lichtenstein,7000,5000,USD,17500,Q1,EVE
Phillips,Frank Stella,3500,2500,USD,4000,Q1,EVE
Phillips,Frank Stella,3500,2500,USD,5000,Q1,EVE
Phillips,Frank Stella,2000,1500,USD,4750,Q1,EVE
Phillips,Frank Stella,8000,6000,USD,7500,Q1,EVE
Phillips,Frank Stella,8000,6000,USD,6875,Q1,EVE
Phillips,Frank Stella,10000,7000,USD,11875,Q1,EVE
Phillips,Frank Stella,7000,5000,USD,13125,Q1,EVE
Phillips,Frank Stella,7000,5000,USD,6875,Q1,EVE
Phillips,Frank Stella,6000,4000,USD,6000,Q1,EVE
Phillips,Frank Stella,6000,4000,USD,5000,Q1,EVE
Phillips,Frank Stella,6000,4000,USD,6875,Q1,EVE
Phillips,Ed Ruscha,6000,4000,USD,6000,Q1,EVE
Phillips,Ed Ruscha,6000,4000,USD,6250,Q1,EVE
Phillips,Ed Ruscha,3500,2500,USD,5000,Q1,EVE
Phillips,Ed Ruscha,5000,3000,USD,6250,Q1,EVE
Phillips,Ed Ruscha,8000,6000,USD,8750,Q1,EVE
Phillips,George Condo,15000,10000,USD,27500,Q4,EVE
Phillips,George Condo,20000,15000,USD,52500,Q4,EVE
Phillips,George Condo,35000,25000,USD,56250,Q4,EVE
Phillips,George Condo,80000,60000,USD,122500,Q4,EVE
Phillips,Frank Stella,60000,40000,USD,92500,Q4,EVE
Phillips,George Condo,150000,100000,USD,280000,Q4,EVE
Phillips,Andy Warhol,10000000,7000000,USD,7922500,Q4,EVE
Phillips,Ed Ruscha,2500000,1500000,USD,1538500,Q4,EVE
Phillips,Roy Lichtenstein,2500000,1500000,USD,1538500,Q4,EVE
Phillips,Andy Warhol,5000000,3000000,USD,3442500,Q4,EVE
Phillips,Andy Warhol,6000000,4000000,USD,4002500,Q4,EVE
Phillips,Andy Warhol,1500000,1000000,USD,1314500,Q4,EVE
Phillips,Ellsworth Kelly,3000000,2000000,USD,2210500,Q4,EVE
Phillips,George Condo,400000,300000,USD,458500,Q4,EVE
Phillips,Tom Wesselmann,400000,300000,USD,290500,Q4,EVE
Phillips,George Condo,300000,200000,USD,230500,Q4,EVE
Phillips,Robert Rauschenberg,25000,15000,USD,16250,Q4,EVE
Phillips,Frank Stella,20000,15000,USD,25000,Q4,EVE
Phillips,Andy Warhol,150000,100000,USD,104500,Q4,EVE
Phillips,Andy Warhol,35000,25000,USD,31250,Q4,EVE
Phillips,Andy Warhol,90000,70000,USD,86500,Q4,EVE
Phillips,Andy Warhol,60000,40000,USD,57500,Q4,EVE
Phillips,Andy Warhol,35000,25000,USD,33750,Q4,EVE
Phillips,Andy Warhol,18000,12000,USD,17500,Q4,EVE
Phillips,Roy Lichtenstein,50000,30000,USD,64900,Q4,EVE
Phillips,Roy Lichtenstein,180000,120000,USD,122500,Q4,EVE
Phillips,Robert Rauschenberg,25000,18000,USD,30000,Q4,EVE
Phillips,Andy Warhol,12000,8000,USD,17500,Q4,EVE
Phillips,George Condo,6000,4000,USD,5625,Q3,EVE
Phillips,George Condo,4000,3000,USD,5250,Q3,EVE
Phillips,George Condo,4000,3000,USD,5000,Q3,EVE
Phillips,George Condo,4000,3000,USD,6875,Q3,EVE
Phillips,George Condo,18000,12000,USD,35000,Q3,EVE
Phillips,Ellsworth Kelly,15000,10000,USD,11250,Q2,EVE
Phillips,Ellsworth Kelly,18000,12000,USD,10625,Q2,EVE
Phillips,Ellsworth Kelly,4000,2000,USD,2500,Q2,EVE
Phillips,Ellsworth Kelly,6000,4000,USD,6000,Q2,EVE
Phillips,Ellsworth Kelly,3500,2500,USD,2250,Q2,EVE
Phillips,Ellsworth Kelly,10000,7000,USD,10625,Q2,EVE
Phillips,Ellsworth Kelly,3500,2500,USD,5250,Q2,EVE
Phillips,Ellsworth Kelly,3000,2000,USD,2000,Q2,EVE
Phillips,Ellsworth Kelly,4000,3000,USD,2750,Q2,EVE
Phillips,Andy Warhol,10000,7000,USD,10000,Q2,EVE
Phillips,Tom Wesselmann,9000,6000,USD,7500,Q2,EVE
Phillips,Tom Wesselmann,3000,2000,USD,2750,Q2,EVE
Phillips,Robert Rauschenberg,6000,4000,USD,4375,Q2,EVE
Phillips,Robert Rauschenberg,5000,3000,USD,2500,Q2,EVE
Phillips,Robert Rauschenberg,4500,3500,USD,4000,Q2,EVE
Phillips,Robert Rauschenberg,3000,2000,USD,2500,Q2,EVE
Phillips,Ed Ruscha,9000,7000,USD,7500,Q2,EVE
Phillips,Roy Lichtenstein,60000,40000,USD,37500,Q2,EVE
Phillips,Roy Lichtenstein,25000,15000,USD,16250,Q2,EVE
Phillips,Roy Lichtenstein,10000,7000,USD,9375,Q2,EVE
Phillips,Roy Lichtenstein,12000,8000,USD,13750,Q2,EVE
Phillips,Roy Lichtenstein,5000,3000,USD,5000,Q2,EVE
Phillips,Roy Lichtenstein,6000,4000,USD,6000,Q2,EVE
Phillips,Roy Lichtenstein,7000,5000,USD,5250,Q2,EVE
Phillips,Roy Lichtenstein,6000,4000,USD,10000,Q2,EVE
Phillips,Ed Ruscha,3000,2000,USD,4000,Q2,EVE
Phillips,Ed Ruscha,3000,2000,USD,5000,Q2,EVE
Phillips,Andy Warhol,350000,250000,USD,362500,Q2,EVE
Phillips,Andy Warhol,18000,12000,USD,21250,Q2,EVE
Phillips,Andy Warhol,12000,8000,USD,13750,Q2,EVE
Phillips,Andy Warhol,12000,9000,USD,10000,Q2,EVE
Phillips,Andy Warhol,18000,12000,USD,12500,Q2,EVE
Phillips,Andy Warhol,9000,7000,USD,8125,Q2,EVE
Phillips,Andy Warhol,25000,18000,USD,37500,Q2,EVE
Phillips,Andy Warhol,10000,7000,USD,16250,Q2,EVE
Phillips,Andy Warhol,25000,15000,USD,30000,Q2,EVE
Phillips,Andy Warhol,18000,12000,USD,21250,Q2,EVE
Phillips,Andy Warhol,5000,3000,USD,6875,Q2,EVE
Phillips,Andy Warhol,5000,3000,USD,4750,Q2,EVE
Phillips,Andy Warhol,12000,8000,USD,15000,Q2,EVE
Phillips,Andy Warhol,18000,12000,USD,16250,Q2,EVE
Phillips,Frank Stella,9000,6000,USD,8750,Q2,EVE
Phillips,George Condo,35000,25000,USD,82900,Q2,EVE
Phillips,Robert Rauschenberg,30000,20000,USD,47500,Q2,EVE
Phillips,Andy Warhol,90000,70000,USD,86500,Q2,EVE
Phillips,Andy Warhol,90000,70000,USD,134500,Q2,EVE
Phillips,Andy Warhol,20000,15000,USD,11875,Q2,EVE
Phillips,Roy Lichtenstein,20000,15000,USD,11875,Q2,EVE
Phillips,Andy Warhol,30000,20000,USD,22500,Q2,EVE
Phillips,Ed Ruscha,2000000,1500000,USD,2210500,Q2,EVE
Phillips,Andy Warhol,12000000,8000000,USD,8146500,Q2,EVE
Phillips,Roy Lichtenstein,8000000,6000000,USD,6578500,Q2,EVE
Phillips,Andy Warhol,4500000,3500000,USD,4002500,Q2,EVE
Phillips,George Condo,700000,500000,USD,842500,Q2,EVE
Phillips,Andy Warhol,2500000,1800000,USD,2658500,Q2,EVE
Phillips,Ellsworth Kelly,4000000,3000000,USD,3554500,Q2,EVE
Phillips,George Condo,250000,200000,USD,302500,Q2,EVE
Phillips,Andy Warhol,35000,25000,USD,32500,Q2,EVE
Phillips,Andy Warhol,25000,15000,USD,22500,Q2,EVE
Phillips,Robert Rauschenberg,35000,25000,USD,27500,Q2,EVE
Phillips,Andy Warhol,35000,25000,USD,60000,Q2,EVE
Phillips,Robert Rauschenberg,30000,20000,USD,30000,Q2,EVE
Phillips,Andy Warhol,800000,600000,USD,938500,Q2,EVE
Phillips,Andy Warhol,35000,25000,USD,37500,Q2,EVE
Phillips,Andy Warhol,60000,40000,USD,50000,Q2,EVE
Phillips,Andy Warhol,45000,35000,USD,62500,Q2,EVE
Phillips,Andy Warhol,35000,25000,USD,30000,Q2,EVE
Phillips,Andy Warhol,60000,40000,USD,52500,Q2,EVE
Phillips,Andy Warhol,35000,25000,USD,27500,Q2,EVE
Phillips,Andy Warhol,30000,20000,USD,60000,Q2,EVE
Phillips,Ed Ruscha,12000,8000,USD,10000,Q2,EVE
Phillips,Andy Warhol,60000,40000,USD,60000,Q2,EVE
Phillips,Ellsworth Kelly,15000,10000,USD,9375,Q2,EVE
Phillips,Andy Warhol,8000,6000,USD,6875,Q2,EVE
Phillips,Andy Warhol,700000,500000,USD,602500,Q1,EVE
Phillips,Frank Stella,12000,8000,USD,18750,Q4,EVE
Phillips,Frank Stella,6000,4000,USD,6875,Q4,EVE
Phillips,Frank Stella,6000,4000,USD,4750,Q4,EVE
Phillips,Frank Stella,6000,4000,USD,7500,Q4,EVE
Phillips,Ed Ruscha,25000,15000,USD,11875,Q4,EVE
Phillips,Roy Lichtenstein,12000,8000,USD,15000,Q4,EVE
Phillips,Ellsworth Kelly,6000,4000,USD,6000,Q4,EVE
Phillips,Ellsworth Kelly,5000,3000,USD,4750,Q4,EVE
Phillips,Ellsworth Kelly,5000,3000,USD,5250,Q4,EVE
Phillips,Ellsworth Kelly,15000,10000,USD,10000,Q4,EVE
Phillips,Ellsworth Kelly,10000,7000,USD,13750,Q4,EVE
Phillips,Ellsworth Kelly,35000,25000,USD,40000,Q4,EVE
Phillips,Ellsworth Kelly,9000,6000,USD,10000,Q4,EVE
Phillips,Andy Warhol,6000,4000,USD,6000,Q4,EVE
Phillips,Andy Warhol,25000,15000,USD,23750,Q4,EVE
Phillips,Andy Warhol,25000,15000,USD,23750,Q4,EVE
Phillips,Andy Warhol,25000,15000,USD,25000,Q4,EVE
Phillips,Andy Warhol,15000,10000,USD,23750,Q4,EVE
Phillips,Andy Warhol,12000,8000,USD,10000,Q4,EVE
Phillips,Roy Lichtenstein,15000,10000,USD,27500,Q4,EVE
Phillips,Roy Lichtenstein,12000,8000,USD,10625,Q4,EVE
Phillips,Roy Lichtenstein,25000,18000,USD,32500,Q4,EVE
Phillips,Tom Wesselmann,8000,6000,USD,7500,Q4,EVE
Phillips,Tom Wesselmann,12000,9000,USD,10625,Q4,EVE
Phillips,Tom Wesselmann,3000,2000,USD,2250,Q4,EVE
Phillips,Tom Wesselmann,2200,1800,USD,6250,Q4,EVE
Phillips,Robert Rauschenberg,4500,3500,USD,5625,Q4,EVE
Phillips,Robert Rauschenberg,5000,4000,USD,4375,Q4,EVE
Phillips,Robert Rauschenberg,3500,2500,USD,3125,Q4,EVE
Phillips,Robert Rauschenberg,2500,1500,USD,3000,Q4,EVE
Phillips,Robert Rauschenberg,10000,7000,USD,15000,Q4,EVE
Phillips,Roy Lichtenstein,9000,7000,USD,9375,Q4,EVE
Phillips,Roy Lichtenstein,6000,4000,USD,7500,Q4,EVE
Phillips,Roy Lichtenstein,5000,3000,USD,4000,Q4,EVE
Phillips,Roy Lichtenstein,7000,5000,USD,6000,Q4,EVE
Phillips,Roy Lichtenstein,700,500,USD,1125,Q4,EVE
Phillips,Andy Warhol,15000,10000,USD,12500,Q4,EVE
Phillips,Andy Warhol,12000,8000,USD,12500,Q4,EVE
Phillips,Andy Warhol,6000,4000,USD,4000,Q4,EVE
Phillips,Andy Warhol,18000,12000,USD,15000,Q4,EVE
Phillips,Andy Warhol,6000,4000,USD,5000,Q4,EVE
Phillips,Andy Warhol,5000,3000,USD,4000,Q4,EVE
Phillips,Andy Warhol,5000,3000,USD,3750,Q4,EVE
Phillips,Andy Warhol,15000,10000,USD,11875,Q4,EVE
Phillips,Andy Warhol,25000,15000,USD,18750,Q4,EVE
Phillips,Andy Warhol,18000,12000,USD,13750,Q4,EVE
Phillips,Andy Warhol,15000,10000,USD,9375,Q4,EVE
Phillips,Andy Warhol,4000,2000,USD,5250,Q4,EVE
Phillips,Andy Warhol,20000,15000,USD,18750,Q4,EVE
Phillips,Andy Warhol,40000,30000,USD,35000,Q4,EVE
Phillips,Andy Warhol,35000,25000,USD,31250,Q4,EVE
Phillips,Andy Warhol,18000,12000,USD,25000,Q4,EVE
Phillips,Andy Warhol,15000,10000,USD,10000,Q4,EVE
Phillips,Andy Warhol,18000,12000,USD,20000,Q4,EVE
Phillips,Andy Warhol,35000,25000,USD,31250,Q4,EVE
Phillips,Andy Warhol,25000,15000,USD,17500,Q4,EVE
Phillips,Andy Warhol,9000,7000,USD,8750,Q4,EVE
Phillips,Ellsworth Kelly,5000,3000,USD,5000,Q4,EVE
Phillips,Ellsworth Kelly,5000,3000,USD,3750,Q4,EVE
Phillips,Ellsworth Kelly,3000,2000,USD,2500,Q4,EVE
Phillips,Frank Stella,6000,4000,USD,6000,Q4,EVE
Phillips,Frank Stella,3000,2000,USD,3125,Q4,EVE
Phillips,Ed Ruscha,3000,2000,USD,4750,Q4,EVE
Phillips,Ed Ruscha,9000,6000,USD,12500,Q4,EVE
Phillips,Ed Ruscha,3000,2000,USD,2500,Q4,EVE
Phillips,Ed Ruscha,3000,2000,USD,3500,Q4,EVE
Phillips,Andy Warhol,6000,4000,USD,5500,Q4,EVE
Phillips,Robert Rauschenberg,7000,5000,USD,7500,Q4,EVE
Phillips,Andy Warhol,4000,2000,USD,3750,Q4,EVE
Phillips,Robert Rauschenberg,3500,2500,USD,3125,Q4,EVE
Phillips,Andy Warhol,9000,7000,USD,13750,Q4,EVE
Phillips,Andy Warhol,35000,25000,USD,25000,Q4,EVE
Phillips,Andy Warhol,300000,200000,USD,242500,Q4,EVE
Phillips,Andy Warhol,40000,30000,USD,31250,Q4,EVE
Phillips,Andy Warhol,70000,50000,USD,62500,Q4,EVE
Phillips,George Condo,15000,10000,USD,10625,Q4,EVE
Phillips,Ed Ruscha,150000,100000,USD,128500,Q4,EVE
Phillips,Ed Ruscha,20000,15000,USD,28750,Q4,EVE
Phillips,Robert Rauschenberg,18000,12000,USD,8750,Q4,EVE
Phillips,Andy Warhol,2500000,1500000,USD,1986500,Q4,EVE
Phillips,George Condo,700000,500000,USD,542500,Q4,EVE
Phillips,Ed Ruscha,4000000,3000000,USD,4338500,Q4,EVE
Phillips,Roy Lichtenstein,5000000,3000000,USD,3890500,Q4,EVE
Phillips,Ed Ruscha,800000,600000,USD,662500,Q4,EVE
Phillips,Andy Warhol,9000,7000,USD,8750,Q4,EVE
Phillips,Roy Lichtenstein,300,200,USD,188,Q2,EVE
Phillips,Ellsworth Kelly,7000,5000,USD,6250,Q2,EVE
Phillips,Ellsworth Kelly,3500,2500,USD,2750,Q2,EVE
Phillips,Ellsworth Kelly,15000,10000,USD,8750,Q2,EVE
Phillips,Ellsworth Kelly,15000,10000,USD,13750,Q2,EVE
Phillips,Ellsworth Kelly,1500,1000,USD,2750,Q2,EVE
Phillips,Ellsworth Kelly,6000,4000,USD,3750,Q2,EVE
Phillips,Ellsworth Kelly,3000,2000,USD,2750,Q2,EVE
Phillips,Frank Stella,6000,4000,USD,9375,Q2,EVE
Phillips,Frank Stella,9000,7000,USD,11250,Q2,EVE
Phillips,Roy Lichtenstein,7000,5000,USD,9375,Q2,EVE
Phillips,Roy Lichtenstein,8000,6000,USD,7500,Q2,EVE
Phillips,Roy Lichtenstein,18000,12000,USD,42500,Q2,EVE
Phillips,Roy Lichtenstein,6000,4000,USD,7500,Q2,EVE
Phillips,Roy Lichtenstein,5000,3000,USD,3750,Q2,EVE
Phillips,Roy Lichtenstein,3500,2500,USD,2500,Q2,EVE
Phillips,Tom Wesselmann,35000,25000,USD,62500,Q2,EVE
Phillips,Tom Wesselmann,15000,10000,USD,17500,Q2,EVE
Phillips,Tom Wesselmann,8000,6000,USD,7500,Q2,EVE
Phillips,Tom Wesselmann,3500,2500,USD,3125,Q2,EVE
Phillips,Tom Wesselmann,10000,7000,USD,8750,Q2,EVE
Phillips,Tom Wesselmann,12000,8000,USD,10000,Q2,EVE
Phillips,Tom Wesselmann,6000,4000,USD,5000,Q2,EVE
Phillips,Tom Wesselmann,9000,7000,USD,8750,Q2,EVE
Phillips,Tom Wesselmann,7000,5000,USD,5625,Q2,EVE
Phillips,Tom Wesselmann,5000,3000,USD,3250,Q2,EVE
Phillips,Robert Rauschenberg,18000,12000,USD,15000,Q2,EVE
Phillips,Robert Rauschenberg,8000,5000,USD,5250,Q2,EVE
Phillips,Robert Rauschenberg,40000,30000,USD,37500,Q2,EVE
Phillips,Robert Rauschenberg,3000,2000,USD,2250,Q2,EVE
Phillips,Robert Rauschenberg,2500,1500,USD,2500,Q2,EVE
Phillips,Robert Rauschenberg,2500,1500,USD,2750,Q2,EVE
Phillips,Robert Rauschenberg,1200,900,USD,1125,Q2,EVE
Phillips,Robert Rauschenberg,1500,1000,USD,1375,Q2,EVE
Phillips,Ed Ruscha,9000,6000,USD,11250,Q2,EVE
Phillips,Ed Ruscha,4000,2000,USD,3500,Q2,EVE
Phillips,Ed Ruscha,9000,7000,USD,10625,Q2,EVE
Phillips,Ed Ruscha,5000,3000,USD,4750,Q2,EVE
Phillips,Ed Ruscha,3000,2000,USD,3125,Q2,EVE
Phillips,Andy Warhol,7000,5000,USD,12500,Q2,EVE
Phillips,Andy Warhol,15000,10000,USD,15000,Q2,EVE
Phillips,Andy Warhol,9000,7000,USD,8750,Q2,EVE
Phillips,Andy Warhol,9000,7000,USD,8125,Q2,EVE
Phillips,Andy Warhol,30000,20000,USD,68500,Q2,EVE
Phillips,Andy Warhol,45000,35000,USD,78100,Q2,EVE
Phillips,Andy Warhol,50000,30000,USD,41250,Q2,EVE
Phillips,Andy Warhol,60000,40000,USD,50000,Q2,EVE
Phillips,Andy Warhol,50000,30000,USD,37500,Q2,EVE
Phillips,Andy Warhol,18000,12000,USD,15000,Q2,EVE
Phillips,Andy Warhol,18000,12000,USD,22500,Q2,EVE
Phillips,Andy Warhol,30000,20000,USD,31250,Q2,EVE
Phillips,Andy Warhol,30000,20000,USD,25000,Q2,EVE
Phillips,Andy Warhol,15000,10000,USD,13750,Q2,EVE
Phillips,Andy Warhol,35000,25000,USD,56250,Q2,EVE
Phillips,Andy Warhol,50000,30000,USD,37500,Q2,EVE
Phillips,Andy Warhol,7000,5000,USD,8750,Q2,EVE
Phillips,Andy Warhol,6000,4000,USD,5000,Q2,EVE
Phillips,Robert Rauschenberg,900,600,USD,1125,Q2,EVE
Phillips,Ed Ruscha,120000,80000,USD,116500,Q2,EVE
Phillips,Ed Ruscha,250000,150000,USD,170500,Q2,EVE
Phillips,Ed Ruscha,50000,30000,USD,56250,Q2,EVE
Phillips,Ed Ruscha,50000,30000,USD,31250,Q2,EVE
Phillips,Ed Ruscha,120000,80000,USD,80500,Q2,EVE
Phillips,George Condo,18000,12000,USD,55000,Q2,EVE
Phillips,George Condo,35000,25000,USD,64900,Q2,EVE
Phillips,George Condo,40000,30000,USD,40000,Q2,EVE
Phillips,Ed Ruscha,2500000,1500000,USD,1426500,Q2,EVE
Phillips,Ed Ruscha,3000000,2000000,USD,3218500,Q2,EVE
Phillips,Ed Ruscha,1200000,800000,USD,842500,Q2,EVE
Phillips,George Condo,180000,120000,USD,194500,Q2,EVE
Phillips,Jean-Michel Basquiat,2500000,1500000,USD,1762500,Q2,EVE
Phillips,Andy Warhol,350000,250000,USD,638500,Q2,EVE
Phillips,Roy Lichtenstein,450000,350000,USD,422500,Q2,EVE
Phillips,Tom Wesselmann,1200000,800000,USD,914500,Q2,EVE
Phillips,Andy Warhol,600000,400000,USD,458500,Q2,EVE
Phillips,Andy Warhol,900000,700000,USD,602500,Q2,EVE
Phillips,George Condo,400000,300000,USD,362500,Q2,EVE
Phillips,Andy Warhol,25000,15000,USD,17500,Q2,EVE
Phillips,Andy Warhol,35000,25000,USD,37500,Q2,EVE
Phillips,Ellsworth Kelly,2500,1500,USD,5250,Q2,EVE
Phillips,Andy Warhol,30000,20000,USD,57500,Q2,EVE
Phillips,Andy Warhol,30000,20000,USD,42500,Q2,EVE
Phillips,Andy Warhol,300000,200000,USD,170500,Q2,EVE
Phillips,Andy Warhol,12000,8000,USD,40000,Q2,EVE
Phillips,Andy Warhol,6000,4000,USD,11250,Q2,EVE
Phillips,Tom Wesselmann,35000,25000,USD,22500,Q2,EVE
Phillips,Tom Wesselmann,25000,18000,USD,22500,Q2,EVE
Phillips,Tom Wesselmann,12000,8000,USD,52500,Q2,EVE
Phillips,Tom Wesselmann,1200,900,USD,3250,Q2,EVE
Phillips,Tom Wesselmann,7000,5000,USD,15000,Q2,EVE
Phillips,Roy Lichtenstein,30000,20000,USD,45000,Q2,EVE
Phillips,Roy Lichtenstein,30000,20000,USD,52500,Q2,EVE
Phillips,Roy Lichtenstein,12000,8000,USD,21250,Q2,EVE
Phillips,Roy Lichtenstein,9000,6000,USD,21250,Q2,EVE
Phillips,Roy Lichtenstein,5000,3000,USD,8125,Q2,EVE
Phillips,Roy Lichtenstein,3000,2000,USD,4375,Q2,EVE
Phillips,Robert Rauschenberg,5000,3000,USD,13125,Q2,EVE
Phillips,Robert Rauschenberg,5000,3000,USD,18750,Q2,EVE
Phillips,Robert Rauschenberg,5000,3000,USD,10000,Q2,EVE
Phillips,Robert Rauschenberg,900,700,USD,2375,Q2,EVE
Phillips,Robert Rauschenberg,1500,1000,USD,1875,Q2,EVE
Phillips,Robert Rauschenberg,5000,3000,USD,18750,Q2,EVE
Phillips,Ellsworth Kelly,4000,3000,USD,4750,Q1,EVE
Phillips,Ed Ruscha,3000,2000,USD,3500,Q1,EVE
Phillips,George Condo,18000,12000,USD,17500,Q1,EVE
Phillips,George Condo,120000,80000,USD,146500,Q1,EVE
Phillips,Tom Wesselmann,300000,200000,USD,206500,Q1,EVE
Phillips,Andy Warhol,18000,12000,USD,13750,Q4,EVE
Phillips,Andy Warhol,3000,2000,USD,1875,Q4,EVE
Phillips,Andy Warhol,6000,4000,USD,5000,Q4,EVE
Phillips,Andy Warhol,30000,20000,USD,25000,Q4,EVE
Phillips,Jean-Michel Basquiat,15000,10000,USD,22500,Q4,EVE
Phillips,Roy Lichtenstein,3500,2500,USD,4000,Q4,EVE
Phillips,Robert Rauschenberg,3500,2500,USD,4000,Q4,EVE
Phillips,Frank Stella,2500,1800,USD,3438,Q4,EVE
Phillips,Frank Stella,1200,800,USD,1000,Q4,EVE
Phillips,Ellsworth Kelly,2500,1800,USD,3000,Q4,EVE
Phillips,Ellsworth Kelly,6000,4000,USD,4750,Q4,EVE
Phillips,Ellsworth Kelly,8000,6000,USD,9375,Q4,EVE
Phillips,Ellsworth Kelly,5000,3000,USD,4000,Q4,EVE
Phillips,Ellsworth Kelly,1800,1200,USD,3500,Q4,EVE
Phillips,Frank Stella,8000,6000,USD,7500,Q4,EVE
Phillips,Frank Stella,15000,10000,USD,12500,Q4,EVE
Phillips,Frank Stella,7000,5000,USD,8125,Q4,EVE
Phillips,Frank Stella,9000,6000,USD,9375,Q4,EVE
Phillips,Frank Stella,6000,4000,USD,6000,Q4,EVE
Phillips,Frank Stella,3500,2500,USD,3500,Q4,EVE
Phillips,Jean-Michel Basquiat,35000,25000,USD,31250,Q4,EVE
Phillips,Jean-Michel Basquiat,25000,15000,USD,18750,Q4,EVE
Phillips,Ed Ruscha,15000,10000,USD,18750,Q4,EVE
Phillips,Ed Ruscha,2000,1500,USD,4000,Q4,EVE
Phillips,Ed Ruscha,12000,8000,USD,9375,Q4,EVE
Phillips,Ed Ruscha,6000,4000,USD,5625,Q4,EVE
Phillips,Ed Ruscha,5000,3000,USD,7500,Q4,EVE
Phillips,Robert Rauschenberg,6000,4000,USD,13750,Q4,EVE
Phillips,Andy Warhol,150000,100000,USD,134500,Q4,EVE
Phillips,Andy Warhol,35000,25000,USD,52500,Q4,EVE
Phillips,Andy Warhol,30000,20000,USD,60000,Q4,EVE
Phillips,Andy Warhol,35000,25000,USD,50000,Q4,EVE
Phillips,Andy Warhol,18000,14000,USD,13750,Q4,EVE
Phillips,Andy Warhol,30000,20000,USD,37500,Q4,EVE
Phillips,Andy Warhol,9000,7000,USD,8750,Q4,EVE
Phillips,Andy Warhol,9000,7000,USD,10625,Q4,EVE
Phillips,Andy Warhol,2500,1500,USD,2125,Q4,EVE
Phillips,Andy Warhol,15000,10000,USD,18750,Q4,EVE
Phillips,Andy Warhol,3500,2500,USD,2500,Q4,EVE
Phillips,Roy Lichtenstein,70000,50000,USD,62500,Q4,EVE
Phillips,Roy Lichtenstein,8000,6000,USD,6875,Q4,EVE
Phillips,Roy Lichtenstein,15000,10000,USD,23125,Q4,EVE
Phillips,Roy Lichtenstein,6000,4000,USD,4750,Q4,EVE
Phillips,Roy Lichtenstein,30000,20000,USD,37500,Q4,EVE
Phillips,Roy Lichtenstein,5000,3000,USD,6875,Q4,EVE
Phillips,Roy Lichtenstein,5000,3000,USD,6875,Q4,EVE
Phillips,Roy Lichtenstein,9000,6000,USD,8750,Q4,EVE
Phillips,Roy Lichtenstein,12000,8000,USD,14375,Q4,EVE
Phillips,Roy Lichtenstein,10000,7000,USD,11250,Q4,EVE
Phillips,Roy Lichtenstein,3500,2500,USD,1500,Q4,EVE
Phillips,Roy Lichtenstein,900,700,USD,3125,Q4,EVE
Phillips,Tom Wesselmann,15000,10000,USD,11250,Q4,EVE
Phillips,Tom Wesselmann,12000,8000,USD,8125,Q4,EVE
Phillips,Tom Wesselmann,7000,5000,USD,6875,Q4,EVE
Phillips,Tom Wesselmann,6000,4000,USD,6250,Q4,EVE
Phillips,Tom Wesselmann,5000,4000,USD,5250,Q4,EVE
Phillips,Tom Wesselmann,5000,3000,USD,3750,Q4,EVE
Phillips,Robert Rauschenberg,2500,1800,USD,2125,Q4,EVE
Phillips,Robert Rauschenberg,2500,1800,USD,2750,Q4,EVE
Phillips,Robert Rauschenberg,2500,1800,USD,2750,Q4,EVE
Phillips,Robert Rauschenberg,2500,1800,USD,2750,Q4,EVE
Phillips,Robert Rauschenberg,900,600,USD,688,Q4,EVE
Phillips,Frank Stella,5000,3000,USD,3250,Q4,EVE
Phillips,Andy Warhol,3500,2500,USD,6875,Q4,EVE
Phillips,Andy Warhol,2500,1500,USD,4250,Q4,EVE
Phillips,Andy Warhol,15000,10000,USD,12500,Q4,EVE
Phillips,George Condo,900,700,USD,750,Q4,EVE
Phillips,George Condo,1500,1000,USD,938,Q4,EVE
Phillips,Robert Rauschenberg,15000,10000,USD,11250,Q4,EVE
Phillips,Ed Ruscha,80000,60000,USD,56250,Q1,EVE
Phillips,Andy Warhol,30000,20000,USD,23750,Q1,EVE
Phillips,Roy Lichtenstein,600000,400000,USD,398500,Q4,EVE
Phillips,Tom Wesselmann,200000,150000,USD,140500,Q4,EVE
Phillips,Frank Stella,150000,100000,USD,116500,Q4,EVE
Phillips,Andy Warhol,800000,600000,USD,542500,Q4,EVE
Phillips,Andy Warhol,600000,400000,USD,541000,Q4,EVE
Phillips,Andy Warhol,700000,500000,USD,601000,Q4,EVE
Phillips,Robert Rauschenberg,700000,500000,USD,577000,Q4,EVE
Phillips,Ed Ruscha,700000,500000,USD,541000,Q4,EVE
Phillips,George Condo,60000,40000,USD,85000,Q4,EVE
Phillips,Andy Warhol,1200000,800000,USD,1496000,Q2,EVE
Phillips,Andy Warhol,4150000,4150000,USD,3400000,Q2,EVE
Phillips,Andy Warhol,700000,500000,USD,712000,Q2,EVE
Phillips,George Condo,60000,40000,USD,168000,Q2,EVE
Sothebys,Andy Warhol,3500000,2500000,USD,2797000,Q4,EVE
Sothebys,Robert Rauschenberg,1200000,800000,USD,1205000,Q4,EVE
Sothebys,Roy Lichtenstein,6000000,4000000,USD,4309000,Q4,EVE
Sothebys,Andy Warhol,30000000,20000000,USD,20325000,Q4,EVE
Sothebys,Andy Warhol,1500000,1000000,USD,1055000,Q4,EVE
Sothebys,Jean-Michel Basquiat,6000000,4000000,USD,4477000,Q4,EVE
Sothebys,Andy Warhol,10000000,7000000,USD,7333000,Q4,EVE
Sothebys,Andy Warhol,15000000,10000000,USD,11365000,Q4,EVE
Sothebys,Jean-Michel Basquiat,20000000,15000000,USD,25925000,Q4,EVE
Sothebys,Andy Warhol,3000000,2000000,USD,3189000,Q4,EVE
Sothebys,Tom Wesselmann,7000,5000,USD,7500,Q3,EVE
Sothebys,Andy Warhol,9000,7000,USD,7500,Q3,EVE
Sothebys,Tom Wesselmann,30000,20000,USD,56250,Q3,EVE
Sothebys,Tom Wesselmann,15000,10000,USD,21250,Q3,EVE
Sothebys,Roy Lichtenstein,35000,25000,USD,37500,Q3,EVE
Sothebys,Andy Warhol,20000,15000,USD,16250,Q3,EVE
Sothebys,Roy Lichtenstein,60000,40000,USD,40625,Q2,EVE
Sothebys,George Condo,6000,4000,USD,1875,Q2,EVE
Sothebys,Jean-Michel Basquiat,9000000,7000000,USD,6885000,Q2,EVE
Sothebys,Tom Wesselmann,1800000,1200000,USD,1085000,Q2,EVE
Sothebys,Ellsworth Kelly,600000,400000,USD,749000,Q2,EVE
Sothebys,Andy Warhol,7500000,5500000,USD,4925000,Q2,EVE
Sothebys,Ed Ruscha,5000000,3000000,USD,4757000,Q2,EVE
Sothebys,Andy Warhol,9000000,7000000,USD,6997000,Q2,EVE
Sothebys,George Condo,400000,300000,USD,1055000,Q2,EVE
Sothebys,Tom Wesselmann,6000000,4000000,USD,4085000,Q2,EVE
Sothebys,Robert Rauschenberg,35000,25000,USD,46875,Q4,EVE
Sothebys,Andy Warhol,18000,12000,USD,34375,Q4,EVE
Sothebys,Andy Warhol,35000,25000,USD,75000,Q4,EVE
Sothebys,Andy Warhol,12000,8000,USD,25000,Q4,EVE
Sothebys,Andy Warhol,100000,70000,USD,87500,Q4,EVE
Sothebys,Andy Warhol,35000,25000,USD,81250,Q4,EVE
Sothebys,Tom Wesselmann,8000,6000,USD,9375,Q4,EVE
Sothebys,Andy Warhol,50000,30000,USD,46875,Q4,EVE
Sothebys,Ellsworth Kelly,12000,8000,USD,20000,Q4,EVE
Sothebys,Roy Lichtenstein,7000,5000,USD,6875,Q4,EVE
Sothebys,Andy Warhol,18000,12000,USD,16250,Q4,EVE
Sothebys,Roy Lichtenstein,50000,30000,USD,52500,Q4,EVE
Sothebys,Andy Warhol,50000,30000,USD,46875,Q4,EVE
Sothebys,Andy Warhol,60000,40000,USD,106250,Q4,EVE
Sothebys,Andy Warhol,70000,50000,USD,106250,Q4,EVE
Sothebys,Frank Stella,8000,6000,USD,8125,Q4,EVE
Sothebys,Frank Stella,12000,8000,USD,11250,Q4,EVE
Sothebys,Roy Lichtenstein,8000,6000,USD,21250,Q4,EVE
Sothebys,Andy Warhol,24000,18000,USD,25000,Q4,EVE
Sothebys,Tom Wesselmann,7000,5000,USD,5625,Q4,EVE
Sothebys,Roy Lichtenstein,18000,12000,USD,37500,Q4,EVE
Sothebys,Andy Warhol,35000,25000,USD,50000,Q4,EVE
Sothebys,Ellsworth Kelly,7000,5000,USD,8125,Q4,EVE
Sothebys,Robert Rauschenberg,7000,5000,USD,5000,Q4,EVE
Sothebys,Andy Warhol,45000,35000,USD,75000,Q4,EVE
Sothebys,Andy Warhol,180000,140000,USD,221000,Q4,EVE
Sothebys,Frank Stella,10000,7000,USD,8125,Q4,EVE
Sothebys,Andy Warhol,8000,6000,USD,12500,Q4,EVE
Sothebys,Roy Lichtenstein,24000,18000,USD,32500,Q4,EVE
Sothebys,Andy Warhol,8000,6000,USD,11250,Q4,EVE
Sothebys,Andy Warhol,280000,220000,USD,329000,Q4,EVE
Sothebys,Roy Lichtenstein,8000,6000,USD,10000,Q4,EVE
Sothebys,Frank Stella,7000,5000,USD,6250,Q4,EVE
Sothebys,Andy Warhol,8000,6000,USD,12500,Q4,EVE
Sothebys,Andy Warhol,15000,10000,USD,17500,Q4,EVE
Sothebys,Andy Warhol,50000,30000,USD,40625,Q4,EVE
Sothebys,Andy Warhol,7000,5000,USD,6875,Q4,EVE
Sothebys,Roy Lichtenstein,12000,8000,USD,11250,Q4,EVE
Sothebys,Roy Lichtenstein,60000,40000,USD,75000,Q4,EVE
Sothebys,Andy Warhol,25000,15000,USD,25000,Q4,EVE
Sothebys,Jean-Michel Basquiat,12000,8000,USD,20000,Q4,EVE
Sothebys,Andy Warhol,60000,40000,USD,137000,Q4,EVE
Sothebys,Roy Lichtenstein,120000,80000,USD,155000,Q4,EVE
Sothebys,Andy Warhol,280000,220000,USD,353000,Q4,EVE
Sothebys,Andy Warhol,50000,30000,USD,40625,Q4,EVE
Sothebys,Roy Lichtenstein,15000,10000,USD,25000,Q4,EVE
Sothebys,Andy Warhol,30000,20000,USD,68750,Q4,EVE
Sothebys,Frank Stella,7000,5000,USD,5000,Q4,EVE
Sothebys,Andy Warhol,12000,8000,USD,18750,Q4,EVE
Sothebys,Roy Lichtenstein,7000,5000,USD,9375,Q4,EVE
Sothebys,Robert Rauschenberg,10000,7000,USD,4375,Q4,EVE
Sothebys,Andy Warhol,50000,30000,USD,43750,Q4,EVE
Sothebys,Frank Stella,7000,5000,USD,4688,Q4,EVE
Sothebys,Andy Warhol,120000,80000,USD,137000,Q4,EVE
Sothebys,Andy Warhol,30000,20000,USD,22500,Q4,EVE
Sothebys,Roy Lichtenstein,30000,20000,USD,31250,Q4,EVE
Sothebys,Frank Stella,7000,5000,USD,6250,Q4,EVE
Sothebys,Andy Warhol,12000,8000,USD,18750,Q4,EVE
Sothebys,Roy Lichtenstein,30000,20000,USD,37500,Q4,EVE
Sothebys,Ellsworth Kelly,7000,5000,USD,8750,Q4,EVE
Sothebys,Roy Lichtenstein,10000,8000,USD,22500,Q4,EVE
Sothebys,Andy Warhol,120000,80000,USD,106250,Q4,EVE
Sothebys,Andy Warhol,25000,15000,USD,28125,Q4,EVE
Sothebys,Ellsworth Kelly,12000,8000,USD,10625,Q4,EVE
Sothebys,Frank Stella,7000,5000,USD,8750,Q4,EVE
Sothebys,Roy Lichtenstein,18000,14000,USD,30000,Q4,EVE
Sothebys,Frank Stella,7000,5000,USD,6250,Q4,EVE
Sothebys,Roy Lichtenstein,30000,20000,USD,47500,Q4,EVE
Sothebys,Andy Warhol,6000,4000,USD,5938,Q4,EVE
Sothebys,Andy Warhol,50000,30000,USD,50000,Q4,EVE
Sothebys,Roy Lichtenstein,30000,20000,USD,25000,Q2,EVE
Sothebys,Ed Ruscha,7000,5000,USD,5625,Q2,EVE
Sothebys,Andy Warhol,15000,10000,USD,23750,Q2,EVE
Sothebys,Andy Warhol,12000,8000,USD,20000,Q2,EVE
Sothebys,Ellsworth Kelly,12000,8000,USD,25000,Q2,EVE
Sothebys,Roy Lichtenstein,120000,80000,USD,125000,Q2,EVE
Sothebys,Andy Warhol,18000,14000,USD,22500,Q2,EVE
Sothebys,Andy Warhol,15000,10000,USD,17500,Q2,EVE
Sothebys,Tom Wesselmann,35000,25000,USD,25000,Q2,EVE
Sothebys,Andy Warhol,30000,20000,USD,46875,Q2,EVE
Sothebys,Andy Warhol,50000,30000,USD,50000,Q2,EVE
Sothebys,Andy Warhol,24000,18000,USD,34375,Q2,EVE
Sothebys,Andy Warhol,30000,20000,USD,46875,Q2,EVE
Sothebys,Tom Wesselmann,18000,12000,USD,12500,Q2,EVE
Sothebys,Tom Wesselmann,12000,8000,USD,11250,Q2,EVE
Sothebys,Ed Ruscha,10000,7000,USD,12500,Q2,EVE
Sothebys,Andy Warhol,35000,25000,USD,50000,Q2,EVE
Sothebys,Robert Rauschenberg,16000,12000,USD,12500,Q2,EVE
Sothebys,Andy Warhol,35000,25000,USD,43750,Q2,EVE
Sothebys,Roy Lichtenstein,15000,10000,USD,20000,Q2,EVE
Sothebys,Andy Warhol,600000,400000,USD,653000,Q2,EVE
Sothebys,Andy Warhol,30000,20000,USD,34375,Q2,EVE
Sothebys,Roy Lichtenstein,20000,15000,USD,16250,Q2,EVE
Sothebys,Frank Stella,8000,6000,USD,10625,Q2,EVE
Sothebys,Andy Warhol,80000,60000,USD,87500,Q2,EVE
Sothebys,Andy Warhol,12000,8000,USD,18750,Q2,EVE
Sothebys,Tom Wesselmann,35000,25000,USD,34375,Q2,EVE
Sothebys,Andy Warhol,18000,14000,USD,34375,Q2,EVE
Sothebys,Frank Stella,12000,8000,USD,20000,Q2,EVE
Sothebys,Andy Warhol,20000,15000,USD,43750,Q2,EVE
Sothebys,Frank Stella,7000,5000,USD,9375,Q2,EVE
Sothebys,Ed Ruscha,12000,8000,USD,20000,Q2,EVE
Sothebys,Roy Lichtenstein,50000,30000,USD,40625,Q2,EVE
Sothebys,Andy Warhol,10000,7000,USD,13750,Q2,EVE
Sothebys,Roy Lichtenstein,7000,5000,USD,5625,Q2,EVE
Sothebys,Andy Warhol,7000,5000,USD,15000,Q2,EVE
Sothebys,Ed Ruscha,7000,5000,USD,5625,Q2,EVE
Sothebys,Frank Stella,7000,5000,USD,9375,Q2,EVE
Sothebys,Frank Stella,7000,5000,USD,5625,Q2,EVE
Sothebys,Ed Ruscha,18000,12000,USD,28125,Q2,EVE
Sothebys,Roy Lichtenstein,50000,30000,USD,43750,Q2,EVE
Sothebys,Andy Warhol,50000,30000,USD,87500,Q2,EVE
Sothebys,Andy Warhol,15000,10000,USD,20000,Q2,EVE
Sothebys,Andy Warhol,100000,70000,USD,93750,Q2,EVE
Sothebys,Andy Warhol,30000,20000,USD,56250,Q2,EVE
Sothebys,Tom Wesselmann,7000,5000,USD,7500,Q2,EVE
Sothebys,Andy Warhol,70000,50000,USD,68750,Q2,EVE
Sothebys,Andy Warhol,180000,120000,USD,209000,Q2,EVE
Sothebys,Frank Stella,8000,6000,USD,9375,Q2,EVE
Sothebys,Andy Warhol,15000,10000,USD,40625,Q2,EVE
Sothebys,Frank Stella,8000,6000,USD,8125,Q2,EVE
Sothebys,Tom Wesselmann,8000,6000,USD,8750,Q2,EVE
Sothebys,Ellsworth Kelly,24000,18000,USD,31250,Q2,EVE
Sothebys,Roy Lichtenstein,8000,6000,USD,9375,Q2,EVE
Sothebys,Andy Warhol,70000,50000,USD,87500,Q2,EVE
Sothebys,Robert Rauschenberg,10000,7000,USD,7500,Q2,EVE
Sothebys,Roy Lichtenstein,50000,30000,USD,37500,Q2,EVE
Sothebys,Frank Stella,70000,50000,USD,71875,Q2,EVE
Sothebys,Roy Lichtenstein,18000,12000,USD,18750,Q2,EVE
Sothebys,Roy Lichtenstein,50000,30000,USD,87500,Q2,EVE
Sothebys,Roy Lichtenstein,15000,10000,USD,13750,Q2,EVE
Sothebys,Robert Rauschenberg,15000,10000,USD,6875,Q4,EVE
Sothebys,Andy Warhol,12000,8000,USD,20000,Q1,EVE
Sothebys,Andy Warhol,4000000,3000000,USD,3442500,Q4,EVE
Sothebys,Jean-Michel Basquiat,9000000,7000000,USD,7362500,Q4,EVE
Sothebys,Jean-Michel Basquiat,3000000,2000000,USD,2098500,Q4,EVE
Sothebys,Andy Warhol,6500000,4500000,USD,6578500,Q4,EVE
Sothebys,Roy Lichtenstein,900000,700000,USD,722500,Q4,EVE
Sothebys,Jean-Michel Basquiat,1500000,1000000,USD,1022500,Q4,EVE
Sothebys,Andy Warhol,2000000,1500000,USD,2490500,Q4,EVE
Sothebys,Andy Warhol,6500000,4500000,USD,9266500,Q4,EVE
Sothebys,Andy Warhol,8000000,6000000,USD,16322500,Q4,EVE
Sothebys,Andy Warhol,900000,700000,USD,722500,Q4,EVE
Sothebys,Andy Warhol,60000,40000,USD,62500,Q3,EVE
Sothebys,Andy Warhol,45000,35000,USD,43750,Q3,EVE
Sothebys,Frank Stella,450000,350000,USD,578500,Q3,EVE
Sothebys,Frank Stella,45000,35000,USD,31250,Q3,EVE
Sothebys,Tom Wesselmann,45000,35000,USD,56250,Q3,EVE
Sothebys,George Condo,12000,8000,USD,7500,Q3,EVE
Sothebys,Andy Warhol,20000,15000,USD,23750,Q3,EVE
Sothebys,Andy Warhol,180000,120000,USD,212500,Q3,EVE
Sothebys,Andy Warhol,45000,35000,USD,56250,Q3,EVE
Sothebys,Tom Wesselmann,60000,40000,USD,104500,Q3,EVE
Sothebys,Ed Ruscha,18000,12000,USD,13750,Q3,EVE
Sothebys,Robert Rauschenberg,80000,60000,USD,170500,Q2,EVE
Sothebys,Tom Wesselmann,28000,22000,USD,27500,Q2,EVE
Sothebys,Andy Warhol,90000,70000,USD,266500,Q2,EVE
Sothebys,George Condo,12000,8000,USD,16250,Q2,EVE
Sothebys,Tom Wesselmann,90000,70000,USD,80500,Q2,EVE
Sothebys,Roy Lichtenstein,500000,350000,USD,752500,Q2,EVE
Sothebys,George Condo,60000,40000,USD,50000,Q2,EVE
Sothebys,Tom Wesselmann,120000,80000,USD,92500,Q2,EVE
Sothebys,Andy Warhol,60000,50000,USD,74500,Q2,EVE
Sothebys,Andy Warhol,150000,100000,USD,134500,Q2,EVE
Sothebys,Jean-Michel Basquiat,200000,150000,USD,446500,Q2,EVE
Sothebys,Tom Wesselmann,400000,300000,USD,302500,Q2,EVE
Sothebys,Andy Warhol,80000,60000,USD,170500,Q2,EVE
Sothebys,Andy Warhol,200000,150000,USD,230500,Q2,EVE
Sothebys,Roy Lichtenstein,600000,400000,USD,698500,Q2,EVE
Sothebys,Roy Lichtenstein,700000,500000,USD,422500,Q2,EVE
Sothebys,Robert Rauschenberg,450000,350000,USD,626500,Q2,EVE
Sothebys,Frank Stella,60000,40000,USD,50000,Q2,EVE
Sothebys,Andy Warhol,90000,70000,USD,206500,Q2,EVE
Sothebys,Andy Warhol,800000,600000,USD,962500,Q2,EVE
Sothebys,George Condo,300000,200000,USD,242500,Q2,EVE
Sothebys,Andy Warhol,120000,90000,USD,146500,Q2,EVE
Sothebys,George Condo,275000,225000,USD,254500,Q2,EVE
Sothebys,Frank Stella,120000,90000,USD,110500,Q2,EVE
Sothebys,Tom Wesselmann,120000,90000,USD,158500,Q2,EVE
Sothebys,Roy Lichtenstein,35000,25000,USD,84100,Q2,EVE
Sothebys,Andy Warhol,180000,120000,USD,218500,Q2,EVE
Sothebys,Tom Wesselmann,70000,50000,USD,62500,Q2,EVE
Sothebys,Tom Wesselmann,60000,40000,USD,74500,Q2,EVE
Sothebys,Andy Warhol,180000,120000,USD,146500,Q2,EVE
Sothebys,Ed Ruscha,35000,25000,USD,98500,Q2,EVE
Sothebys,George Condo,80000,60000,USD,74500,Q2,EVE
Sothebys,Tom Wesselmann,300000,200000,USD,302500,Q2,EVE
Sothebys,Jean-Michel Basquiat,900000,700000,USD,1082500,Q2,EVE
Sothebys,Andy Warhol,900000,700000,USD,1202500,Q2,EVE
Sothebys,Andy Warhol,150000,100000,USD,182500,Q2,EVE
Sothebys,Andy Warhol,600000,400000,USD,722500,Q2,EVE
Sothebys,Andy Warhol,12000000,9000000,USD,10722500,Q2,EVE
Sothebys,Tom Wesselmann,1200000,900000,USD,1202500,Q2,EVE
Sothebys,Andy Warhol,2500000,1500000,USD,842500,Q2,EVE
Sothebys,Andy Warhol,50000000,30000000,USD,37042500,Q2,EVE
Sothebys,Roy Lichtenstein,40000000,30000000,USD,44882500,Q2,EVE
Sothebys,Roy Lichtenstein,8000000,6000000,USD,11842500,Q2,EVE
Sothebys,Jean-Michel Basquiat,6000000,4000000,USD,7642500,Q2,EVE
Sothebys,Tom Wesselmann,30000,20000,USD,40625,Q1,EVE
Sothebys,George Condo,220000,180000,USD,182500,Q1,EVE
Sothebys,Ed Ruscha,150000,100000,USD,218500,Q1,EVE
Sothebys,Frank Stella,40000,30000,USD,56250,Q1,EVE
Sothebys,Andy Warhol,70000,50000,USD,59375,Q1,EVE
Sothebys,Andy Warhol,90000,70000,USD,134500,Q1,EVE
Sothebys,George Condo,80000,60000,USD,80500,Q1,EVE
Sothebys,Andy Warhol,70000,50000,USD,74500,Q1,EVE
Sothebys,Ed Ruscha,120000,80000,USD,170500,Q1,EVE
Sothebys,Robert Rauschenberg,350000,250000,USD,278500,Q1,EVE
Sothebys,Tom Wesselmann,12000,8000,USD,6875,Q1,EVE
Sothebys,Andy Warhol,20000,15000,USD,28125,Q1,EVE
Sothebys,Andy Warhol,70000,50000,USD,56250,Q1,EVE
Sothebys,Ed Ruscha,18000,12000,USD,16250,Q1,EVE
Sothebys,Andy Warhol,18000,12000,USD,12500,Q1,EVE
Sothebys,Andy Warhol,350000,250000,USD,398500,Q4,EVE
Sothebys,Jean-Michel Basquiat,4000000,3000000,USD,2154500,Q4,EVE
Sothebys,Roy Lichtenstein,500000,300000,USD,446500,Q4,EVE
Sothebys,Andy Warhol,70000,50000,USD,74500,Q4,EVE
Sothebys,Jean-Michel Basquiat,180000,120000,USD,362500,Q4,EVE
Sothebys,Andy Warhol,70000,50000,USD,158500,Q4,EVE
Sothebys,Andy Warhol,4000000,3000000,USD,3610500,Q4,EVE
Sothebys,George Condo,350000,250000,USD,242500,Q4,EVE
Sothebys,Andy Warhol,70000,50000,USD,62500,Q4,EVE
Sothebys,Andy Warhol,80000,60000,USD,158500,Q4,EVE
Sothebys,Robert Rauschenberg,200000,150000,USD,182500,Q4,EVE
Sothebys,Ed Ruscha,120000,80000,USD,98500,Q4,EVE
Sothebys,Ed Ruscha,45000,35000,USD,37500,Q4,EVE
Sothebys,Andy Warhol,5000000,3000000,USD,3442500,Q4,EVE
Sothebys,Roy Lichtenstein,90000,70000,USD,122500,Q4,EVE
Sothebys,Jean-Michel Basquiat,300000,200000,USD,242500,Q4,EVE
Sothebys,Andy Warhol,7500000,5500000,USD,6522500,Q4,EVE
Sothebys,Robert Rauschenberg,350000,250000,USD,302500,Q4,EVE
Sothebys,Ed Ruscha,1200000,800000,USD,1314500,Q4,EVE
Sothebys,George Condo,70000,50000,USD,59375,Q4,EVE
Sothebys,Andy Warhol,350000,250000,USD,698500,Q4,EVE
Sothebys,Tom Wesselmann,300000,200000,USD,398500,Q4,EVE
Sothebys,Andy Warhol,180000,120000,USD,218500,Q4,EVE
Sothebys,Jean-Michel Basquiat,250000,180000,USD,302500,Q4,EVE
Sothebys,Frank Stella,120000,80000,USD,314500,Q4,EVE
Sothebys,Andy Warhol,200000,150000,USD,386500,Q4,EVE
Sothebys,Roy Lichtenstein,700000,500000,USD,602500,Q4,EVE
Sothebys,Andy Warhol,900000,700000,USD,842500,Q4,EVE
Sothebys,Andy Warhol,4000000,3000000,USD,2882500,Q4,EVE
Sothebys,Andy Warhol,4500000,3500000,USD,3610500,Q4,EVE
Sothebys,Ellsworth Kelly,6000000,4000000,USD,4282500,Q4,EVE
Sothebys,Frank Stella,200000,150000,USD,362500,Q4,EVE
Sothebys,Andy Warhol,1500000,1000000,USD,1022500,Q4,EVE
Sothebys,Frank Stella,300000,200000,USD,362500,Q4,EVE
Sothebys,Roy Lichtenstein,120000,80000,USD,110500,Q4,EVE
Sothebys,Andy Warhol,40000,30000,USD,74500,Q4,EVE
Sothebys,Ellsworth Kelly,300000,200000,USD,686500,Q4,EVE
Sothebys,Jean-Michel Basquiat,3000000,2000000,USD,2098500,Q4,EVE
Sothebys,Andy Warhol,2500000,1800000,USD,2098500,Q4,EVE
Sothebys,George Condo,70000,50000,USD,134500,Q4,EVE
Sothebys,Andy Warhol,80000,60000,USD,188500,Q4,EVE
Sothebys,Ed Ruscha,150000,100000,USD,164500,Q4,EVE
Sothebys,Tom Wesselmann,150000,100000,USD,266500,Q4,EVE
Sothebys,Andy Warhol,60000,40000,USD,80500,Q4,EVE
Sothebys,Andy Warhol,350000,250000,USD,362500,Q4,EVE
Sothebys,Ed Ruscha,20000,15000,USD,18750,Q4,EVE
Sothebys,Robert Rauschenberg,40000,30000,USD,31250,Q4,EVE
Sothebys,Roy Lichtenstein,700000,500000,USD,626500,Q2,EVE
Sothebys,Andy Warhol,60000,40000,USD,56250,Q2,EVE
Sothebys,Andy Warhol,80000,60000,USD,80500,Q2,EVE
Sothebys,Frank Stella,550000,450000,USD,518500,Q2,EVE
Sothebys,Roy Lichtenstein,120000,90000,USD,146500,Q2,EVE
Sothebys,Frank Stella,200000,150000,USD,218500,Q2,EVE
Sothebys,George Condo,300000,200000,USD,242500,Q2,EVE
Sothebys,Frank Stella,150000,100000,USD,194500,Q2,EVE
Sothebys,Andy Warhol,80000,60000,USD,92500,Q2,EVE
Sothebys,Ellsworth Kelly,70000,50000,USD,74500,Q2,EVE
Sothebys,Jean-Michel Basquiat,500000,300000,USD,506500,Q2,EVE
Sothebys,Jean-Michel Basquiat,1000000,700000,USD,1986500,Q2,EVE
Sothebys,Andy Warhol,350000,250000,USD,410500,Q2,EVE
Sothebys,Andy Warhol,120000,80000,USD,158500,Q2,EVE
Sothebys,Frank Stella,350000,250000,USD,302500,Q2,EVE
Sothebys,Jean-Michel Basquiat,600000,400000,USD,962500,Q2,EVE
Sothebys,Andy Warhol,300000,200000,USD,434500,Q2,EVE
Sothebys,Tom Wesselmann,45000,35000,USD,43750,Q2,EVE
Sothebys,Ed Ruscha,80000,60000,USD,74500,Q2,EVE
Sothebys,Andy Warhol,350000,250000,USD,314500,Q2,EVE
Sothebys,Andy Warhol,30000,20000,USD,122500,Q2,EVE
Sothebys,Andy Warhol,40000,30000,USD,68500,Q2,EVE
Sothebys,Robert Rauschenberg,180000,120000,USD,98500,Q2,EVE
Sothebys,Frank Stella,40000,30000,USD,37500,Q2,EVE
Sothebys,Andy Warhol,80000,60000,USD,146500,Q2,EVE
Sothebys,Andy Warhol,800000,600000,USD,614500,Q2,EVE
Sothebys,Andy Warhol,80000,60000,USD,122500,Q2,EVE
Sothebys,Andy Warhol,80000,60000,USD,194500,Q2,EVE
Sothebys,Andy Warhol,80000,60000,USD,146500,Q2,EVE
Sothebys,Jean-Michel Basquiat,70000,50000,USD,68500,Q2,EVE
Sothebys,Andy Warhol,180000,120000,USD,194500,Q2,EVE
Sothebys,Roy Lichtenstein,350000,250000,USD,278500,Q2,EVE
Sothebys,Andy Warhol,350000,250000,USD,506500,Q2,EVE
Sothebys,Ed Ruscha,120000,80000,USD,146500,Q2,EVE
Sothebys,Ed Ruscha,80000,60000,USD,74500,Q2,EVE
Sothebys,Andy Warhol,4000000,3000000,USD,3722500,Q2,EVE
Sothebys,Andy Warhol,30000000,20000000,USD,20242500,Q2,EVE
Sothebys,Jean-Michel Basquiat,4500000,3500000,USD,5906500,Q2,EVE
Sothebys,Andy Warhol,900000,700000,USD,4842500,Q2,EVE
Sothebys,Andy Warhol,1800000,1200000,USD,1202500,Q2,EVE
Sothebys,Tom Wesselmann,2000000,1500000,USD,1314500,Q2,EVE
Sothebys,Roy Lichtenstein,2000000,1500000,USD,1314500,Q2,EVE
Sothebys,Andy Warhol,4000000,3000000,USD,3442500,Q2,EVE
Sothebys,Roy Lichtenstein,1500000,1000000,USD,2098500,Q2,EVE
Sothebys,Andy Warhol,1800000,1500000,USD,2546500,Q2,EVE
Sothebys,Andy Warhol,40000,30000,USD,40625,Q1,EVE
Sothebys,Andy Warhol,9000,7000,USD,18750,Q1,EVE
Sothebys,Frank Stella,70000,50000,USD,59375,Q1,EVE
Sothebys,Andy Warhol,20000,15000,USD,22500,Q1,EVE
Sothebys,Frank Stella,60000,40000,USD,56250,Q1,EVE
Sothebys,Andy Warhol,15000,10000,USD,16250,Q1,EVE
Sothebys,Andy Warhol,15000,10000,USD,20000,Q1,EVE
Sothebys,Andy Warhol,12000,8000,USD,16250,Q1,EVE
Sothebys,Andy Warhol,600000,400000,USD,758500,Q1,EVE
Sothebys,Andy Warhol,35000,25000,USD,28125,Q1,EVE
Sothebys,Frank Stella,45000,35000,USD,68500,Q1,EVE
Sothebys,Frank Stella,45000,35000,USD,56250,Q1,EVE
Sothebys,Andy Warhol,15000,10000,USD,11250,Q1,EVE
Sothebys,Robert Rauschenberg,18000,12000,USD,11250,Q1,EVE
Sothebys,Andy Warhol,9000,7000,USD,12500,Q1,EVE
Sothebys,Roy Lichtenstein,18000000,12000000,USD,14082500,Q4,EVE
Sothebys,Andy Warhol,150000,100000,USD,200500,Q4,EVE
Sothebys,Andy Warhol,1800000,1200000,USD,1426500,Q4,EVE
Sothebys,Ellsworth Kelly,120000,80000,USD,194500,Q4,EVE
Sothebys,Tom Wesselmann,90000,70000,USD,80500,Q4,EVE
Sothebys,Andy Warhol,18000,12000,USD,13750,Q4,EVE
Sothebys,Andy Warhol,3500000,2500000,USD,2658500,Q4,EVE
Sothebys,Jean-Michel Basquiat,6500000,4500000,USD,6242500,Q4,EVE
Sothebys,Andy Warhol,80000,60000,USD,110500,Q4,EVE
Sothebys,Andy Warhol,300000,200000,USD,230500,Q4,EVE
Sothebys,Frank Stella,700000,500000,USD,866500,Q4,EVE
Sothebys,Andy Warhol,700000,500000,USD,746500,Q4,EVE
Sothebys,Roy Lichtenstein,2000000,1500000,USD,1762500,Q4,EVE
Sothebys,Roy Lichtenstein,7000000,5000000,USD,5962500,Q4,EVE
Sothebys,Roy Lichtenstein,1800000,1200000,USD,1874500,Q4,EVE
Sothebys,Tom Wesselmann,28000,22000,USD,60000,Q4,EVE
Sothebys,Andy Warhol,1500000,1000000,USD,1482500,Q4,EVE
Sothebys,Andy Warhol,350000,250000,USD,290500,Q4,EVE
Sothebys,Roy Lichtenstein,700000,500000,USD,614500,Q4,EVE
Sothebys,George Condo,90000,70000,USD,74500,Q4,EVE
Sothebys,Jean-Michel Basquiat,350000,250000,USD,350500,Q4,EVE
Sothebys,Andy Warhol,25000000,20000000,USD,35362500,Q4,EVE
Sothebys,Ed Ruscha,90000,70000,USD,86500,Q4,EVE
Sothebys,George Condo,150000,100000,USD,122500,Q4,EVE
Sothebys,Ed Ruscha,200000,150000,USD,302500,Q4,EVE
Sothebys,Andy Warhol,300000,200000,USD,410500,Q4,EVE
Sothebys,Andy Warhol,80000,60000,USD,146500,Q4,EVE
Sothebys,Jean-Michel Basquiat,3000000,2000000,USD,1594500,Q4,EVE
Sothebys,Andy Warhol,80000,60000,USD,84100,Q4,EVE
Sothebys,Tom Wesselmann,150000,100000,USD,98500,Q4,EVE
Sothebys,Andy Warhol,200000,150000,USD,146500,Q4,EVE
Sothebys,Tom Wesselmann,20000,15000,USD,35000,Q4,EVE
Sothebys,Andy Warhol,350000,250000,USD,386500,Q4,EVE
Sothebys,Roy Lichtenstein,120000,80000,USD,230500,Q4,EVE
Sothebys,Andy Warhol,30000,20000,USD,43750,Q4,EVE
Sothebys,Robert Rauschenberg,600000,400000,USD,806500,Q4,EVE
Sothebys,Frank Stella,30000,20000,USD,35000,Q4,EVE
Sothebys,Andy Warhol,350000,250000,USD,446500,Q4,EVE
Sothebys,Roy Lichtenstein,600000,400000,USD,386500,Q4,EVE
Sothebys,Ellsworth Kelly,2500000,1800000,USD,1762500,Q4,EVE
Sothebys,Ed Ruscha,90000,70000,USD,134500,Q4,EVE
Sothebys,Andy Warhol,70000,50000,USD,68500,Q4,EVE
Sothebys,Jean-Michel Basquiat,200000,150000,USD,314500,Q4,EVE
Sothebys,Andy Warhol,4000000,3000000,USD,4226500,Q4,EVE
Sothebys,Andy Warhol,90000,70000,USD,110500,Q4,EVE
Sothebys,Andy Warhol,150000,100000,USD,398500,Q4,EVE
Sothebys,Andy Warhol,60000,40000,USD,50000,Q4,EVE
Sothebys,Robert Rauschenberg,7000000,5000000,USD,8034500,Q4,EVE
Sothebys,Ed Ruscha,800000,600000,USD,662500,Q4,EVE
Sothebys,Jean-Michel Basquiat,900000,700000,USD,842500,Q4,EVE
Sothebys,Robert Rauschenberg,450000,350000,USD,386500,Q4,EVE
Sothebys,Andy Warhol,6000000,4000000,USD,6802500,Q4,EVE
Sothebys,Robert Rauschenberg,7000,5000,USD,10000,Q3,EVE
Sothebys,Ed Ruscha,120000,80000,USD,170500,Q3,EVE
Sothebys,Robert Rauschenberg,80000,60000,USD,104500,Q3,EVE
Sothebys,Andy Warhol,30000,20000,USD,56250,Q3,EVE
Sothebys,Robert Rauschenberg,150000,100000,USD,116500,Q3,EVE
Sothebys,Andy Warhol,180000,120000,USD,230500,Q3,EVE
Sothebys,Andy Warhol,120000,90000,USD,110500,Q3,EVE
Sothebys,George Condo,18000,12000,USD,18750,Q3,EVE
Sothebys,George Condo,60000,40000,USD,37500,Q3,EVE
Sothebys,Jean-Michel Basquiat,60000,40000,USD,46875,Q3,EVE
Sothebys,Jean-Michel Basquiat,120000,80000,USD,98500,Q3,EVE
Sothebys,Jean-Michel Basquiat,30000,20000,USD,43750,Q3,EVE
Sothebys,Andy Warhol,40000,30000,USD,25000,Q3,EVE
Sothebys,Frank Stella,25000,15000,USD,46875,Q3,EVE
Sothebys,Andy Warhol,40000,30000,USD,53125,Q3,EVE
Sothebys,Jean-Michel Basquiat,40000,30000,USD,77500,Q3,EVE
Sothebys,Andy Warhol,80000,60000,USD,110500,Q2,EVE
Sothebys,Frank Stella,900000,700000,USD,722500,Q2,EVE
Sothebys,Jean-Michel Basquiat,2500000,1800000,USD,7250500,Q2,EVE
Sothebys,Ed Ruscha,180000,120000,USD,134500,Q2,EVE
Sothebys,Jean-Michel Basquiat,300000,200000,USD,242500,Q2,EVE
Sothebys,Andy Warhol,900000,700000,USD,1082500,Q2,EVE
Sothebys,Ed Ruscha,500000,300000,USD,362500,Q2,EVE
Sothebys,Frank Stella,900000,700000,USD,1022500,Q2,EVE
Sothebys,Andy Warhol,70000,50000,USD,158500,Q2,EVE
Sothebys,Frank Stella,1000000,800000,USD,1538500,Q2,EVE
Sothebys,Andy Warhol,150000,100000,USD,122500,Q2,EVE
Sothebys,Ed Ruscha,400000,300000,USD,410500,Q2,EVE
Sothebys,Andy Warhol,300000,200000,USD,458500,Q2,EVE
Sothebys,Ellsworth Kelly,3000000,2000000,USD,4002500,Q2,EVE
Sothebys,Andy Warhol,15000000,10000000,USD,32562500,Q2,EVE
Sothebys,Robert Rauschenberg,300000,200000,USD,194500,Q2,EVE
Sothebys,Andy Warhol,80000,60000,USD,86500,Q2,EVE
Sothebys,Andy Warhol,450000,350000,USD,362500,Q2,EVE
Sothebys,Andy Warhol,90000,70000,USD,86500,Q2,EVE
Sothebys,Jean-Michel Basquiat,200000,150000,USD,242500,Q2,EVE
Sothebys,Andy Warhol,70000,50000,USD,95500,Q2,EVE
Sothebys,Andy Warhol,70000,50000,USD,88900,Q2,EVE
Sothebys,Tom Wesselmann,300000,200000,USD,266500,Q2,EVE
Sothebys,Andy Warhol,70000,50000,USD,98500,Q2,EVE
Sothebys,Andy Warhol,40000,30000,USD,62500,Q2,EVE
Sothebys,Ed Ruscha,40000,30000,USD,37500,Q2,EVE
Sothebys,Robert Rauschenberg,180000,120000,USD,134500,Q2,EVE
Sothebys,Robert Rauschenberg,300000,200000,USD,290500,Q2,EVE
Sothebys,Andy Warhol,250000,180000,USD,314500,Q2,EVE
Sothebys,Andy Warhol,70000,50000,USD,98500,Q2,EVE
Sothebys,Tom Wesselmann,800000,600000,USD,650500,Q2,EVE
Sothebys,Frank Stella,120000,80000,USD,194500,Q2,EVE
Sothebys,Andy Warhol,70000,50000,USD,56250,Q2,EVE
Sothebys,Andy Warhol,600000,400000,USD,914500,Q2,EVE
Sothebys,Robert Rauschenberg,40000,30000,USD,104500,Q2,EVE
Sothebys,Robert Rauschenberg,35000,25000,USD,68500,Q2,EVE
Sothebys,Andy Warhol,1200000,800000,USD,1426500,Q2,EVE
Sothebys,Andy Warhol,70000,50000,USD,56250,Q2,EVE
Sothebys,Andy Warhol,80000,60000,USD,68500,Q2,EVE
Sothebys,Andy Warhol,3500000,2500000,USD,3330500,Q2,EVE
Sothebys,Jean-Michel Basquiat,2000000,1500000,USD,3330500,Q2,EVE
Sothebys,George Condo,400000,300000,USD,386500,Q2,EVE
Sothebys,Andy Warhol,7000000,5000000,USD,7642500,Q2,EVE
Sothebys,Andy Warhol,100000,80000,USD,86500,Q2,EVE
Sothebys,Roy Lichtenstein,5500000,3500000,USD,4282500,Q2,EVE
Sothebys,George Condo,120000,80000,USD,134500,Q2,EVE
Sothebys,Andy Warhol,180000,120000,USD,146500,Q2,EVE
Sothebys,Tom Wesselmann,1200000,800000,USD,1010500,Q2,EVE
Sothebys,Andy Warhol,25000,18000,USD,22500,Q1,EVE
Sothebys,Andy Warhol,350000,250000,USD,506500,Q1,EVE
Sothebys,Ed Ruscha,120000,80000,USD,110500,Q1,EVE
Sothebys,Andy Warhol,30000,20000,USD,68500,Q1,EVE
Sothebys,Tom Wesselmann,18000,12000,USD,46875,Q1,EVE
Sothebys,Andy Warhol,35000,25000,USD,31250,Q1,EVE
Sothebys,Tom Wesselmann,18000,12000,USD,43750,Q1,EVE
Sothebys,Tom Wesselmann,18000,12000,USD,50000,Q1,EVE
Sothebys,Tom Wesselmann,40000,30000,USD,98500,Q1,EVE
Sothebys,Jean-Michel Basquiat,5000000,3000000,USD,3554500,Q2,EVE
Sothebys,Andy Warhol,350000,250000,USD,554500,Q4,EVE
Sothebys,Andy Warhol,200000,150000,USD,248500,Q4,EVE
Sothebys,Andy Warhol,900000,700000,USD,722500,Q4,EVE
Sothebys,Andy Warhol,120000,80000,USD,92500,Q4,EVE
Sothebys,Andy Warhol,2000000,1500000,USD,1202500,Q4,EVE
Sothebys,Robert Rauschenberg,80000,60000,USD,86500,Q4,EVE
Sothebys,Robert Rauschenberg,150000,100000,USD,116500,Q4,EVE
Sothebys,Roy Lichtenstein,90000,70000,USD,164500,Q4,EVE
Sothebys,Andy Warhol,80000,60000,USD,98500,Q4,EVE
Sothebys,Robert Rauschenberg,600000,400000,USD,962500,Q4,EVE
Sothebys,Andy Warhol,120000,90000,USD,194500,Q4,EVE
Sothebys,Andy Warhol,12000000,8000000,USD,43762500,Q4,EVE
Sothebys,Jean-Michel Basquiat,150000,100000,USD,98500,Q4,EVE
Sothebys,Jean-Michel Basquiat,30000,20000,USD,31250,Q4,EVE
